OBSERV_DATE,CLL,CNT,DMC,EMM,PCT,SAL,UNI
2024-10-01,761,304,0,191,"8,260",188,415
2024-10-02,834,304,290,189,"9,041",191,424
2024-10-03,"1,069",304,275,182,"10,044",197,444
2024-10-04,"1,553",308,277,178,"11,034",214,438
2024-10-05,"1,721",314,276,189,"11,360",210,450
2024-10-06,"2,418",318,267,252,"12,591",214,461
2024-10-07,"3,122",318,254,379,"14,347",220,467
2024-10-08,"4,723",314,249,463,"15,799",241,459
2024-10-09,"5,211",308,244,497,"15,425",265,439
2024-10-10,"4,580",302,247,458,"15,355",270,417
2024-10-11,"4,480",298,251,416,"15,341",270,414
2024-10-12,"4,131",295,257,424,"14,636",251,406
2024-10-13,"3,954",295,247,462,"14,787",233,361
2024-10-14,"4,779",296,253,577,"15,032",226,300
2024-10-15,"4,568",299,246,610,"14,868",215,299
2024-10-16,"4,676",303,253,724,"15,326",209,323
2024-10-17,"5,114",307,256,823,"15,434",204,315
2024-10-18,"5,000",309,248,635,"14,505",198,262
2024-10-19,"4,948",311,252,"1,001","15,222",203,295
2024-10-20,"5,501",315,249,"1,253","16,476",208,301
2024-10-21,"6,347",327,254,"1,458","17,061",213,280
2024-10-22,"6,217",335,258,"1,404","16,631",213,251
2024-10-23,"5,443",335,250,"1,197","16,131",208,266
2024-10-24,"4,863",331,250,"1,052","15,970",200,296
2024-10-25,"5,270",325,246,"1,100","16,320",198,348
2024-10-26,"5,957",320,254,"1,092","16,512",197,374
2024-10-27,"6,597",316,265,"1,202","16,998",195,293
2024-10-28,"7,066",313,279,"1,309","17,446",196,256
2024-10-29,"7,037",311,280,"1,122","17,345",198,271
2024-10-30,"7,033",309,264,"1,268","17,262",193,293
2024-10-31,"7,090",308,256,"1,443","17,665",194,286
2024-11-01,"7,559",308,247,"1,720","18,333",198,301
2024-11-02,"8,167",316,250,"2,243","18,895",204,318
2024-11-03,"8,224",320,251,"1,503","17,850",199,300
2024-11-04,"7,097",322,253,"1,936","17,821",196,300
2024-11-05,"7,959",323,262,"1,916","18,241",196,301
2024-11-06,"8,138",326,266,"1,449","17,116",200,329
2024-11-07,"6,944",327,274,"2,219","18,342",206,367
2024-11-08,"6,924",331,276,"2,103","18,543",213,428
2024-11-09,"7,087",336,286,"2,284","18,478",217,471
2024-11-10,"7,463",339,301,"2,240","18,323",211,494
2024-11-11,"8,194",335,306,"2,422","18,922",213,511
2024-11-12,"7,805",325,316,"2,024","18,138",212,536
2024-11-13,"7,872",315,327,"2,216","18,554",219,552
2024-11-14,"8,467",310,324,"2,619","19,295",236,572
2024-11-15,"9,826",307,318,"3,099","20,251",268,580
2024-11-16,"9,611",307,327,"3,055","20,073",269,584
2024-11-17,"9,410",309,336,"3,650","20,522",282,582
2024-11-18,"9,853",316,335,"3,587","20,410",284,597
2024-11-19,"8,835",327,346,"3,176","19,857",286,601
2024-11-20,"8,713",343,339,"3,678","21,023",319,612
2024-11-21,"8,419",356,328,"3,441","20,885",369,607
2024-11-22,"8,150",369,340,"3,246","19,797",376,0
2024-11-23,"6,739",380,343,"1,663","18,345",340,0
2024-11-24,"4,701",392,345,578,"15,411",314,0
2024-11-25,"3,069",405,354,290,"13,299",309,0
2024-11-26,"2,029",420,390,244,"11,340",303,0
2024-11-27,"1,055",437,428,262,"7,832",272,0
2024-11-28,738,460,439,283,"6,059",277,0
2024-11-29,0,488,458,293,"5,149",282,0
2024-11-30,0,518,467,304,"4,743",287,0
2024-12-01,0,544,463,317,"5,407",305,0
2024-12-02,0,560,477,305,"6,113",343,0
2024-12-03,0,566,482,329,"6,198",349,0
2024-12-04,0,565,459,353,"6,108",360,0
2024-12-05,689,562,449,348,"6,294",373,0
2024-12-06,543,558,442,329,"6,391",382,0
2024-12-07,553,554,438,312,"6,717",382,0
2024-12-08,764,550,460,303,"8,068",378,0
2024-12-09,"1,016",544,498,290,"8,880",364,0
2024-12-10,"1,336",542,526,288,"9,514",346,0
2024-12-11,"2,322",543,486,344,"11,666",377,0
2024-12-12,"4,640",544,507,721,"15,220",448,0
2024-12-13,"4,661",549,542,764,"15,239",414,662
2024-12-14,"6,904",553,543,"1,872","18,407",453,660
2024-12-15,"5,135",558,542,638,"14,734",398,620
2024-12-16,"3,387",563,577,489,"12,798",348,644
2024-12-17,"2,375",560,546,380,"10,729",339,623
2024-12-18,"1,087",557,555,363,"7,962",310,639
2024-12-19,487,551,0,261,"5,586",282,676
2024-12-20,353,550,0,213,"4,143",247,703
2024-12-21,279,550,617,197,"3,754",227,704
2024-12-22,261,548,632,196,"3,692",216,699
2024-12-23,269,545,460,208,"4,382",217,702
2024-12-24,0,540,0,214,"5,740",219,711
2024-12-25,0,535,0,247,"4,999",219,728
2024-12-26,0,531,291,0,"5,476",226,721
2024-12-27,0,526,630,0,"5,932",231,665
2024-12-28,0,520,650,0,"4,107",220,687
2024-12-29,0,518,650,0,"3,303",206,674
2024-12-30,0,514,639,0,"1,352",189,646
2024-12-31,0,510,0,0,829,189,667
2025-01-01,0,488,0,0,546,180,678
2025-01-02,0,492,557,0,397,177,692
2025-01-03,0,483,508,0,364,177,707
2025-01-04,0,476,495,0,287,173,731
2025-01-05,0,464,494,0,260,174,736
2025-01-06,0,449,485,0,313,175,726
2025-01-07,0,430,458,0,477,167,713
2025-01-08,0,412,452,0,"1,411",166,728
2025-01-09,0,395,427,0,"1,808",169,735
2025-01-10,0,378,427,0,"1,826",170,758
2025-01-11,0,360,415,0,"1,729",170,764
2025-01-12,0,342,417,0,"1,577",171,756
2025-01-13,0,326,427,0,"1,154",170,756
2025-01-14,0,316,424,0,"1,160",173,766
2025-01-15,0,303,414,0,"1,114",174,763
2025-01-16,0,291,425,182,"1,022",175,768
2025-01-17,0,286,437,181,881,176,773
2025-01-18,0,279,446,180,601,175,779
2025-01-19,0,273,453,181,707,176,775
2025-01-20,0,267,456,184,"1,232",176,776
2025-01-21,0,263,0,185,"2,520",177,777
2025-01-22,0,253,0,187,"4,879",180,749
2025-01-23,0,244,0,0,"8,027",183,677
2025-01-24,0,237,0,0,"11,543",187,729
2025-01-25,"2,937",0,0,283,"13,683",191,0
2025-01-26,"2,614",0,397,256,"11,075",192,0
2025-01-27,"2,264",0,420,306,"11,620",194,0
2025-01-28,"2,196",0,407,315,"11,019",197,0
2025-01-29,"2,081",0,0,296,"10,355",198,0
2025-01-30,"1,895",0,477,290,"9,379",200,733
2025-01-31,"1,547",0,465,284,"8,902",203,0
2025-02-01,"1,363",0,444,0,"8,905",204,0
2025-02-02,"1,005",0,400,0,"8,866",206,0
2025-02-03,656,0,408,0,"7,097",201,0
2025-02-04,401,0,411,0,"6,062",186,707
2025-02-05,195,0,402,0,"2,599",148,688
2025-02-06,173,0,429,153,"1,155",142,690
2025-02-07,149,0,354,139,632,134,672
2025-02-08,183,0,400,0,270,123,0
2025-02-09,158,0,381,110,166,123,737
2025-02-10,141,0,375,104,0,119,753
2025-02-11,142,0,385,104,0,118,765
2025-02-12,144,224,382,105,141,115,776
2025-02-13,143,221,365,114,137,117,768
2025-02-14,164,218,380,119,135,114,752
2025-02-15,182,217,443,121,140,121,684
2025-02-16,184,216,418,123,141,118,517
2025-02-17,186,211,378,121,142,116,428
2025-02-18,186,210,342,120,144,116,378
2025-02-19,177,207,322,125,173,120,330
2025-02-20,174,202,330,131,142,122,378
2025-02-21,174,199,331,136,143,128,480
2025-02-22,172,196,347,144,146,132,532
2025-02-23,157,193,362,147,149,136,566
2025-02-24,157,191,362,0,155,138,604
2025-02-25,150,192,366,0,162,140,641
2025-02-26,154,191,384,0,0,144,639
2025-02-27,162,190,395,0,0,146,621
2025-02-28,174,189,376,0,0,149,613
2025-03-01,194,188,357,0,0,150,612
2025-03-02,190,188,361,0,0,151,622
2025-03-03,184,187,364,0,0,153,622
2025-03-04,245,0,361,0,0,154,612
2025-03-05,276,0,345,0,0,155,604
2025-03-06,272,0,315,0,0,157,595
2025-03-07,270,0,347,0,0,158,594
2025-03-08,272,0,351,0,0,158,566
2025-03-09,289,0,339,0,0,159,526
2025-03-10,276,0,338,0,0,160,454
2025-03-11,270,0,325,0,0,159,441
2025-03-12,263,0,315,0,0,159,448
2025-03-13,260,0,302,0,0,158,471
2025-03-14,270,0,322,0,0,156,469
2025-03-15,267,0,319,0,0,157,460
2025-03-16,274,0,310,0,0,157,404
2025-03-17,275,0,294,0,0,155,352
2025-03-18,264,0,291,0,0,151,290
2025-03-19,278,0,281,0,0,148,278
2025-03-20,314,0,279,155,0,146,263
2025-03-21,292,0,277,152,0,145,251
2025-03-22,265,0,282,149,0,145,256
2025-03-23,251,0,285,156,0,148,282
2025-03-24,248,0,293,158,0,152,333
2025-03-25,234,0,309,160,0,156,387
2025-03-26,277,0,325,161,0,156,414
2025-03-27,0,0,354,156,0,153,426
2025-03-28,0,0,360,156,0,152,430
2025-03-29,0,0,361,163,0,148,434
2025-03-30,0,0,360,166,0,148,440
2025-03-31,0,0,352,165,0,147,456
2025-04-01,0,0,368,162,0,147,448
2025-04-02,0,0,348,161,0,148,448
2025-04-03,0,0,345,159,0,146,461
2025-04-04,0,0,349,157,0,143,482
2025-04-05,0,0,362,156,0,141,452
2025-04-06,0,0,382,162,0,140,445
2025-04-07,0,0,370,160,0,137,460
2025-04-08,0,0,360,154,0,134,453
2025-04-09,0,0,337,153,0,131,468
2025-04-10,0,0,332,0,0,129,464
2025-04-11,0,0,335,0,0,129,469
2025-04-12,0,0,335,0,0,127,471
2025-04-13,0,0,339,0,0,124,460
2025-04-14,0,0,334,0,0,123,459
2025-04-15,0,0,326,0,0,124,448
2025-04-16,0,0,329,0,0,124,445
2025-04-17,0,0,319,128,0,124,427
2025-04-18,0,0,0,130,0,125,407
2025-04-19,145,0,0,133,0,125,391
2025-04-20,149,0,0,137,0,126,344
2025-04-21,149,0,0,137,0,127,334
2025-04-22,147,0,0,135,0,128,335
2025-04-23,147,0,0,132,0,128,331
2025-04-24,143,0,0,129,0,130,311
2025-04-25,142,0,0,128,0,131,313
2025-04-26,141,0,0,130,0,133,303
2025-04-27,141,0,0,131,0,134,272
2025-04-28,145,0,0,136,0,136,296
2025-04-29,151,0,0,140,0,139,352
2025-04-30,182,0,0,144,0,142,394
2025-05-01,0,0,0,0,0,143,424
2025-05-02,0,198,352,0,0,145,448
2025-05-03,0,198,352,0,0,148,351
2025-05-04,0,199,403,0,0,151,242
2025-05-05,0,201,397,0,0,153,251
2025-05-06,0,202,328,0,0,151,307
2025-05-07,0,202,301,0,0,153,328
2025-05-08,0,201,316,0,0,153,333
2025-05-09,0,198,338,0,0,153,349
2025-05-10,0,194,345,0,0,153,380
2025-05-11,0,194,362,0,0,154,344
2025-05-12,0,195,328,0,0,154,299
2025-05-13,0,192,377,0,0,152,284
2025-05-14,0,191,363,0,0,150,267
2025-05-15,0,190,354,0,0,149,284
2025-05-16,0,191,343,0,0,150,324
2025-05-17,0,193,337,0,0,153,315
2025-05-18,0,195,345,0,0,153,240
2025-05-19,0,195,383,0,0,154,238
2025-05-20,0,194,323,0,0,156,270
2025-05-21,0,195,286,0,0,157,281
2025-05-22,0,198,271,0,0,158,301
2025-05-23,0,200,265,0,0,157,292
2025-05-24,0,198,270,0,0,149,255
2025-05-25,0,194,269,0,0,141,228
2025-05-26,0,187,254,0,0,144,222
2025-05-27,0,182,245,0,0,145,231
2025-05-28,0,179,247,0,0,145,217
2025-05-29,0,178,247,0,0,147,198
2025-05-30,0,178,244,0,0,148,191
2025-05-31,0,179,243,0,0,148,189
2025-06-01,0,180,241,0,0,147,193
2025-06-02,0,182,232,0,0,145,230
2025-06-03,0,184,232,0,0,145,252
2025-06-04,0,185,239,0,0,147,242
2025-06-05,0,185,241,0,0,149,225
2025-06-06,0,185,243,0,0,150,220
2025-06-07,0,186,237,187,0,149,229
2025-06-08,0,186,230,256,0,150,243
2025-06-09,"2,178",194,229,294,0,149,251
2025-06-10,"2,281",199,227,318,0,151,268
2025-06-11,"2,327",201,226,348,0,154,259
2025-06-12,"2,300",199,227,330,0,156,267
2025-06-13,"2,444",214,223,351,0,158,235
2025-06-14,"2,255",222,226,316,0,157,237
2025-06-15,"2,228",227,228,294,0,157,286
2025-06-16,"2,060",234,221,275,0,155,350
2025-06-17,"1,652",240,208,222,0,155,447
2025-06-18,"1,640",234,0,211,0,154,499
2025-06-19,"1,654",242,0,218,0,155,493
2025-06-20,"1,757",255,0,239,0,157,324
2025-06-21,"1,807",247,0,240,0,156,101
2025-06-22,"2,071",247,0,259,0,154,96
2025-06-23,"3,027",245,0,351,0,155,107
2025-06-24,"3,786",259,0,473,0,155,142
2025-06-25,"3,962",267,233,549,0,156,250
2025-06-26,"3,852",257,227,508,0,154,311
2025-06-27,"3,730",271,230,478,0,152,287
2025-06-28,"3,674",261,238,437,0,152,256
2025-06-29,"3,475",259,239,389,0,151,233
2025-06-30,"3,212",265,236,319,0,149,230
2025-07-01,"2,980",268,228,268,0,146,289
2025-07-02,"2,845",259,221,234,0,143,355
2025-07-03,"2,437",267,213,206,0,141,371
2025-07-04,"2,040",297,219,177,0,143,401
2025-07-05,"2,017",305,215,168,0,143,406
2025-07-06,"2,287",311,220,187,0,141,435
2025-07-07,"3,199",311,219,251,0,146,459
2025-07-08,"3,003",296,220,307,0,146,507
2025-07-09,"2,623",290,224,273,0,167,507
2025-07-10,"2,537",283,214,271,0,146,470
2025-07-11,"3,045",277,210,319,0,145,475
2025-07-12,"3,452",270,204,332,0,149,466
2025-07-13,"3,201",259,215,307,0,154,469
2025-07-14,"2,660",247,221,226,0,147,519
2025-07-15,"2,680",235,204,223,0,146,581
2025-07-16,"2,422",226,206,190,0,146,579
2025-07-17,"1,735",247,208,179,0,144,562
2025-07-18,"1,519",259,221,182,0,142,581
2025-07-19,"1,643",255,228,200,0,141,585
2025-07-20,"1,761",0,0,226,0,0,0
2025-07-21,0,243,232,0,0,147,569
2025-07-22,"1,642",240,233,263,0,144,548
2025-07-23,"1,712",237,231,229,0,144,547
2025-07-24,"1,739",240,229,233,0,144,531
2025-07-25,"1,642",241,219,218,0,145,516
2025-07-26,"1,579",242,225,209,0,144,448
2025-07-27,"1,456",247,236,179,0,140,497
2025-07-28,"1,245",249,229,163,0,137,520
2025-07-29,"1,041",250,210,153,0,136,553
2025-07-30,861,251,188,147,0,136,565
2025-07-31,943,250,178,141,0,138,536
2025-08-01,"1,165",256,177,139,0,142,493
2025-08-02,"1,491",259,180,145,0,147,468
2025-08-03,"1,789",260,176,171,0,155,447
2025-08-04,"2,029",264,174,190,0,158,414
2025-08-05,"2,015",264,173,195,0,160,503
2025-08-06,"1,992",271,176,194,0,162,491
2025-08-07,"2,269",261,172,205,0,165,486
2025-08-08,"2,674",275,173,241,0,168,504
2025-08-09,"2,931",257,168,239,0,171,506
2025-08-10,"2,912",279,164,242,0,171,498
2025-08-11,"2,950",272,171,220,0,169,527
2025-08-12,"2,920",272,166,204,0,172,538
2025-08-13,"2,739",0,179,197,0,172,527
2025-08-14,"2,570",0,182,195,0,172,505
2025-08-15,"2,797",0,170,238,0,174,486
2025-08-16,"3,205",0,170,302,0,186,460
2025-08-17,"3,712",0,164,395,0,202,449
2025-08-18,"4,069",0,173,459,"3,032",209,427
2025-08-19,"3,971",0,196,459,"3,026",208,446
2025-08-20,"4,055",0,230,471,"6,139",255,454
2025-08-21,"4,507",0,236,509,"12,530",218,459
2025-08-22,"5,134",0,239,521,"13,105",221,478
2025-08-23,"5,251",0,232,502,"12,786",220,477
2025-08-24,"5,036",0,246,425,"12,957",213,487
2025-08-25,"4,969",0,254,372,"12,667",208,520
2025-08-26,"4,645",0,259,341,"12,055",208,498
2025-08-27,"4,256",0,260,297,"11,602",208,506
2025-08-28,"4,253",0,260,296,"10,760",208,535
2025-08-29,"4,714",0,265,332,"11,638",229,535
2025-08-30,"4,403",0,280,309,"10,832",240,523
2025-08-31,"4,841",0,292,444,"11,517",277,504
2025-09-01,"5,056",0,280,470,0,306,532
2025-09-02,"6,574",0,289,693,0,354,522
2025-09-03,"6,864",0,284,754,0,345,539
2025-09-04,"6,610",0,293,681,0,324,527
2025-09-05,"6,236",0,302,695,0,327,526
2025-09-06,"6,158",0,315,640,0,316,511
2025-09-07,"5,601",0,331,572,0,312,530
2025-09-08,"5,673",0,350,530,0,300,565
2025-09-09,"5,989",0,360,604,0,309,535
2025-09-10,"6,349",0,364,673,0,319,537
2025-09-11,"6,506",0,374,658,0,326,525
2025-09-12,"7,021",0,374,850,0,364,480
2025-09-13,"7,240",0,381,997,0,388,442
2025-09-14,"7,268",0,393,0,0,411,399
2025-09-15,"6,530",0,397,0,0,403,375
2025-09-16,"6,441",0,392,0,0,414,369
2025-09-17,"7,252",0,394,0,0,414,353
2025-09-18,"8,138",0,409,"1,155",0,428,349
2025-09-19,"8,149",0,421,"1,209",0,447,369
2025-09-20,"7,802",0,435,"1,044",0,418,415
2025-09-21,"7,876",0,443,995,0,403,436
2025-09-22,"7,610",0,454,932,0,398,446
2025-09-23,"7,416",0,460,970,0,398,429
2025-09-24,"8,085",0,459,"1,162",0,456,387
2025-09-25,"8,067",0,461,"1,148",0,461,401
2025-09-26,"8,517",0,449,"1,179","15,986",513,430
2025-09-27,"9,499",0,456,"1,730","17,281",654,455
2025-09-28,"8,521",0,460,"1,052","15,453",591,462
2025-09-29,"7,193",0,458,"1,378","16,017",618,475
2025-09-30,"7,356",0,466,"1,312","17,409",638,490
